John Hillnob,john.hillnob@ninjamail.org
Linda Mellonson,linda.mellonson@ninyahoo.co
Mary Nipson,mary.nipson@ninyahoo.co
Jason Castlenob,jason.castlenob@ninjamail.org
Diana Castlebutter,diana.castlebutter@ninjamail.org
Mary Gradnip,mary.gradnip@hotsumo.com
John Nipwhale,john.nipwhale@ninyahoo.co
John Hillwhale,john.hillwhale@hotsumo.com
Tim Nobwhale,tim.nobwhale@hotsumo.com
Tim Whalenob,tim.whalenob@dojobox.net
Anna Castlemellon,anna.castlemellon@ninjamail.org
Diana Castlecastle,diana.castlecastle@ninjamail.org
Diana Nobsmith,diana.nobsmith@ninyahoo.co
Carol Whalenob,carol.whalenob@ninyahoo.co
Anna Gradhill,anna.gradhill@hotsumo.com
John Castlebutter,john.castlebutter@ninyahoo.co
Mary Nobmellon,mary.nobmellon@ninjamail.org
Carol Smithgrad,carol.smithgrad@dojobox.net
David Hillcastle,david.hillcastle@ninyahoo.co
Maggie Smithgrad,maggie.smithgrad@dojobox.net
Anna Nipsmith,anna.nipsmith@ninyahoo.co
Diana Underbutter,diana.underbutter@ninyahoo.co
Maggie Butterson,maggie.butterson@ninjamail.org
Mary Scotchnob,mary.scotchnob@dojobox.net
Tim Butternip,tim.butternip@ninyahoo.co
John Whalescotch,john.whalescotch@hotsumo.com
Diana Melloncastle,diana.melloncastle@ninyahoo.co
Diana Scotchcastle,diana.scotchcastle@ninyahoo.co
Carol Smithsmith,carol.smithsmith@ninjamail.org
Mary Castlenob,mary.castlenob@ninjamail.org
